id,cleanLoc
45105051,Alabama
45105045,Alabama
45105046,Alabama
45105047,Alabama
45105048,Alabama
45105049,Alabama
45105050,Alabama
45105054,Alabama
45097054,New Jersey
45094589,Alabama
45094594,Alabama
45094592,Alabama
45094582,Alabama
45094583,Alabama
45094584,Alabama
45094585,Alabama
45094586,Alabama
45094587,Alabama
45094588,Alabama
45094591,Alabama
45094593,Alabama
45094595,Alabama
45077056,Alabama
45050401,Alabama
45043485,Alabama
45014229,Alabama
45014230,Alabama
45014232,Alabama
45008030,Alabama
45008031,Alabama
45008033,Alabama
45008035,Alabama
45008032,Alabama
45008024,Alabama
45008025,Alabama
45008026,Alabama
44989194,Alabama
44942887,Alabama
44931037,Alabama
44931034,Alabama
44852210,Alabama
44852207,Alabama
44843560,Alabama
44821932,Alabama
44821934,Alabama
44812222,Alabama
44812223,Alabama
44803026,Alabama
44797297,Alabama
44797298,Alabama
44797303,Alabama
44789034,Alabama
44789038,Alabama
44789029,Alabama
44789037,Alabama
44756438,Alabama
44741167,Alabama
44681996,Alabama
44675537,Alabama
44640753,Alabama
44518908,Alabama
44509356,Alabama
44446147,Alabama
44429318,Alabama
44064600,Alabama
43710271,Alabama
45107176,Arizona
45100816,Texas
45082249,Arizona
45053395,Arizona
45026074,Texas
44996189,Texas
44968554,Arizona
44868939,California
44868649,Mexico
44868347,California
44809963,Mexico
44809953,Mexico
44809952,Mexico
44809946,Mexico
44809939,Mexico
44803845,Arizona
44731887,Mexico
44663800,Arizona
44628831,South Carolina
44358847,Arizona
44358805,Arizona
43979294,Texas
43891211,New Mexico
43774052,Saudi Arabia
43689173,Arizona
42184627,Arizona
41655318,Mexico
38705887,Egypt
30062667,Tennessee
27232257,Arizona
45061575,Arkansas
44793938,Arkansas
37003305,Arkansas
45002785,California
44840088,California
44671653,California
43767361,California
38072377,California
37794968,California
37794964,California
45105689,Texas
45079773,Texas
"\\touch\\""
""text1",New Mexico
45072179,Texas
45072163,Texas
45072135,Texas
45072111,Texas
45053650,Texas
45031805,Texas
45049319,Colorado
45031789,Texas
45031767,Texas
45031553,Texas
45014568,Texas
44988057,Texas
44988053,Texas
44951979,Texas
44950060,Texas
44950058,Texas
44950056,Texas
44947182,Texas
44946699,Texas
44942961,Colorado
44900086,Texas
44891619,New Mexico
44888299,Texas
44888248,Texas
44888250,Texas
44885172,Texas
44884621,Kansas
44857384,Texas
44857379,Texas
44856305,Texas
44850802,New Mexico
44846248,Texas
44846229,Texas
44846189,Texas
44845585,Texas
44845504,Texas
44845457,Texas
44845446,Texas
44808271,Texas
44764018,Colorado
44763916,Colorado
44740613,Alabama
44739540,Alabama
44681540,Colorado
44677619,Texas
44552192,New Mexico
44510839,Texas
44487137,Texas
44487101,Texas
44487075,Texas
44486838,Texas
44482621,Texas
44451088,Texas
44407159,Kansas
44384323,Kansas
44280561,New Mexico
43970972,Texas
43877389,Afghanistan
43839232,Colorado
43839233,Colorado
43577332,Kansas
43326422,Mexico
42756805,Texas
42279234,New Mexico
42031223,Texas
41940570,New Mexico
41179812,Colorado
40580233,Colorado
40110952,Thailand
40036107,Colorado
45107393,Florida
45106767,California
45105673,Louisiana
45104128,Georgia
45104125,Texas
45104127,Georgia
45104126,Alabama
45104140,Alabama
45104139,Alabama
45104138,Alabama
45100157,North Carolina
45099648,North Carolina
45099303,North Carolina
45098730,North Carolina
45096094,New Jersey
45095558,New Jersey
45095568,West Virginia
45095555,West Virginia
45095541,West Virginia
45095536,West Virginia
45095528,West Virginia
45095518,New Jersey
45095505,New Jersey
45092479,Tennessee
45092480,Tennessee
45092483,Tennessee
45092484,Tennessee
45088658,South Carolina
45088660,South Carolina
45088662,South Carolina
45087536,North Carolina
45087526,North Carolina
45087492,North Carolina
45087457,North Carolina
45087427,North Carolina
45087316,North Carolina
45087303,North Carolina
45087270,North Carolina
45087268,North Carolina
45087248,North Carolina
45087226,North Carolina
45087209,North Carolina
45087190,North Carolina
45087155,North Carolina
45087138,North Carolina
45087114,North Carolina
45087047,North Carolina
45087009,North Carolina
45086969,North Carolina
45086942,North Carolina
45086926,North Carolina
45086911,North Carolina
45086783,North Carolina
45086746,North Carolina
45086709,North Carolina
45086664,North Carolina
45086438,North Carolina
45084637,North Carolina
45084638,Texas
45084639,Texas
45084640,Texas
45084641,Texas
45077412,Louisiana
45077941,Tennessee
45077859,Louisiana
45077799,Louisiana
45077810,Mississippi
45077777,Mississippi
45077768,Mississippi
45077746,Louisiana
45077598,Texas
45077359,Louisiana
45077401,Louisiana
45077251,Louisiana
45076632,Georgia
45076634,North Carolina
45076635,Texas
45076636,Texas
45076637,Texas
45076638,Texas
45072844,West Virginia
45072806,Louisiana
45072741,Louisiana
45072627,Louisiana
45072594,Louisiana
45072541,Louisiana
45071137,Georgia
45070203,Tennessee
45066606,Alabama
45065906,New Jersey
45065885,New Jersey
45065879,New Jersey
45065872,New Jersey
45065861,Arkansas
45064228,Alabama
and when you talk to her she will sometimes tilt hear head to seem like she's concentrating super hard. She's a genius! Prue loves to play and we've discovered that she's taught herself fetch. While this girl is obviously a brainiac and could easily have a future in molecular biology or quantum physics,Tennessee
45062580,South Korea
45062490,South Korea
45057789,Tennessee
45057790,Tennessee
45057001,Georgia
45054618,South Carolina
45053079,Tennessee
45050632,Thailand
45050607,Thailand
45048516,Texas
45048517,Texas
45048518,Texas
45048519,Texas
45048520,Texas
45044587,Louisiana
45044917,Louisiana
45044458,Louisiana
45043977,Louisiana
45043613,Louisiana
45043332,Louisiana
45043065,Louisiana
45038680,Texas
45035953,Florida
45024614,South Carolina
45024618,South Carolina
45024616,South Carolina
45024615,South Carolina
45024617,South Carolina
45024222,Alabama
45024221,Alabama
45023899,Louisiana
45023877,Louisiana
45023811,Louisiana
45023807,Alabama
45023750,Louisiana
45023720,Louisiana
45018109,Texas
45018110,Texas
45016015,Louisiana
45015984,Louisiana
45015969,Louisiana
45015813,Alabama
45013786,Georgia
45013787,Georgia
45013788,Georgia
45013789,Georgia
45013790,Texas
45013791,Texas
45013792,Texas
45013793,Texas
45013794,Texas
45013783,Georgia
45013784,Texas
45013785,Texas
45010972,Aruba
45009489,Mississippi
45009234,Mississippi
45004168,Georgia
45004161,Alabama
44906872,Texas
44906929,Texas
45002544,California
45002043,Texas
44991299,New Jersey
44991071,Texas
44990742,New Jersey
44989855,China
44986616,Texas
44986926,Tennessee
44924713,Georgia
44979082,Texas
44979083,Texas
44976355,Florida
44975348,New York
44971757,Puerto Rico
44971429,California
44969938,New Jersey
44969912,New Jersey
44969848,New Jersey
44969432,Texas
44969435,North Carolina
44963373,Massachusetts
44960201,Texas
44960203,Texas
44957637,Texas
44952153,New Jersey
44952140,New Jersey
44952136,New Jersey
44950825,Louisiana
44950588,Louisiana
44950256,Louisiana
44948712,Arkansas
44946255,Kentucky
44945320,North Carolina
44944031,Georgia
44944027,Georgia
44943979,Georgia
44943134,South Carolina
44941535,Virginia
44941545,Texas
44931071,Texas
44930764,Texas
44930765,Texas
44928173,New York
"\\high five\\""
""text1",Georgia
44904616,Texas
44904617,Texas
44904619,Texas
44895388,Texas
44895381,Texas
44895305,Texas
44895096,Texas
44894428,Texas
44894429,Texas
44889074,West Virginia
44888514,Massachusetts
44888493,Massachusetts
44886851,Texas
44886381,Texas
44886221,Texas
44884880,Thailand
44883681,Washington DC
44883680,Washington DC
44876726,Mississippi
44876727,Mississippi
44876729,Mississippi
44876730,Mississippi
44876731,Mississippi
44872945,Florida
44872946,Florida
44872947,Florida
44872570,Texas
44872571,Texas
44872569,Texas
44870724,China
44869214,China
44867926,Georgia
44866557,Texas
44861906,New Jersey
44855756,Texas
44853939,New York
44852545,Louisiana
44845077,North Carolina
44845027,North Carolina
44843013,North Carolina
44836900,Alabama
44834628,New York
44827919,South Korea
44827365,China
44826639,North Carolina
44824251,Tennessee
44822425,North Carolina
44822418,North Carolina
44821608,Texas
44821609,Texas
44821539,Texas
44818123,Louisiana
44815706,Texas
44812957,South Carolina
44812621,China
44810994,Florida
44809216,Ohio
44809007,Bahamas
44806215,North Carolina
44806200,North Carolina
44806171,North Carolina
44803209,Indiana
44802452,Texas
44802455,Texas
44802456,Texas
44796594,South Carolina
44796595,Texas
44796597,Texas
44796598,Texas
44796593,Texas
44792769,Louisiana
44791240,Ecuador
44790678,Louisiana
44789736,Arkansas
44789694,Thailand
44786300,South Carolina
44781063,Alabama
44771856,Alabama
44771752,Alabama
44764123,Louisiana
44769379,Texas
44769380,Texas
44769385,Georgia
44764403,Louisiana
44764188,Louisiana
44764156,Louisiana
44763711,Alabama
44762190,North Carolina
44756396,New Jersey
44748086,Tennessee
44747546,Louisiana
44745345,North Carolina
44737492,Alabama
44732881,Texas
44723175,New York
44722095,Thailand
44722099,Tennessee
44717263,Texas
44712305,North Carolina
44707156,Texas
44700963,Virginia
44699305,Georgia
44699306,Georgia
44699303,Georgia
44695810,Arkansas
44692944,Florida
44692248,Tennessee
44691046,Georgia
44687813,Tennessee
44686601,Tennessee
44686426,Tennessee
44684934,New Jersey
44684778,New Jersey
44679008,New Jersey
44675272,North Carolina
44672534,Mississippi
44672510,Mississippi
44670312,Thailand
44669101,Texas
44669068,Alabama
44658374,Texas
44658375,Texas
44649395,Georgia
44649313,North Carolina
44649300,North Carolina
44649065,North Carolina
44646640,Bahamas
44629665,South Korea
44625193,New York
44625195,Texas
44625196,Texas
44622697,Texas
44620773,South Carolina
44612039,Texas
44594187,North Carolina
44593640,Louisiana
44592982,Texas
44588448,Bahamas
44587355,New Hampshire
44581077,Texas
44581078,Texas
44577159,Texas
44567832,Bahamas
44555988,Texas
44550171,Texas
44550172,Texas
44550174,Texas
44550175,Texas
44550176,Texas
44550177,Texas
44531830,Georgia
44530646,Texas
44525436,Texas
44525437,Texas
44525441,Texas
44525442,Texas
44525443,Texas
44525445,Texas
44525446,Texas
44525448,Texas
44525449,Texas
44525450,Texas
44525464,Texas
44524706,North Carolina
44521232,Texas
44512800,Thailand
44507036,Mexico
44503725,Louisiana
44503732,Texas
44501837,Bahamas
44499512,Georgia
44497937,Texas
44497938,Texas
44491655,Texas
44491656,Texas
44491657,Texas
44491658,Texas
44491659,Texas
44491661,Texas
44491664,Texas
44481607,Texas
44476321,China
44465337,West Virginia
44463182,South Carolina
44454766,Bahamas
44446616,California
44440350,Texas
44440353,Texas
44435298,Texas
44430221,Thailand
44430225,Mexico
44430227,Thailand
44430233,Thailand
44430246,India
44430217,Florida
44428964,Texas
44426340,Connecticut
44420302,Texas
44417415,Georgia
44413598,Oman
44407940,North Carolina
44403823,Virginia
44403673,Alabama
44391932,Alabama
44383026,South Carolina
44383039,Florida
44358400,Texas
44349110,Texas
44349111,Texas
44349112,Texas
44343158,Texas
44331515,Louisiana
44327544,Louisiana
44314004,Texas
44308306,Jamaica
44304016,Egypt
44303286,Alabama
44288523,Texas
44288524,Texas
44269940,Massachusetts
44266685,Thailand
44259792,Georgia
44259683,New York
44250068,Mississippi
44247112,Alabama
44234512,Texas
44234514,Texas
44208709,Texas
44208710,Texas
44196024,Texas
44185483,Texas
44179580,Texas
44177087,Texas
44175281,Tennessee
44159864,Virginia
44158360,Texas
44153278,North Carolina
44148363,Egypt
44144077,Thailand
44138050,Texas
44138052,Texas
44118323,Texas
44118324,Georgia
44099363,Mississippi
44096913,Texas
44081540,Texas
44075182,Texas
44075184,Texas
44070862,New York
44060120,New York
44055243,California
44052379,Puerto Rico
44045147,Georgia
44005848,Texas
43988448,Georgia
43984935,Texas
43976424,Texas
43968363,Texas
43968367,Louisiana
43947907,West Virginia
43947788,West Virginia
43946482,South Carolina
43945362,Virginia
43932710,Arkansas
43892654,Thailand
43887142,Texas
43887145,Texas
43863237,New York
43839443,Florida
43783338,Tennessee
43780458,North Carolina
43767154,Texas
43762173,Texas
43736069,Texas
43735818,Florida
43703889,Texas
43687845,Texas
43671517,Georgia
43659957,Kentucky
43659280,Mississippi
43650678,Georgia
43633939,New York
43624867,Egypt
43623076,Arkansas
43602991,Maine
43601266,Texas
43583203,North Carolina
43576051,Texas
43576052,Texas
43573025,New York
43550191,Texas
43550192,Texas
43550193,Texas
43546947,Texas
43529811,California
43529318,Egypt
43521079,Texas
43512091,Texas
43476781,Virginia
43474805,Mississippi
43438084,Georgia
43437773,Connecticut
43418982,New York
43382199,Texas
43326806,Louisiana
43311204,Texas
43286683,Texas
43279225,South Carolina
43270299,Georgia
43180832,Louisiana
43138391,South Carolina
43121393,North Carolina
43084598,South Korea
43022718,Georgia
42984473,North Carolina
42977919,Bahamas
42977245,Texas
42975723,Texas
42974368,Connecticut
42971703,Texas
42924971,North Carolina
42799974,North Carolina
42716052,Kuwait
42689948,Florida
42682165,North Carolina
42672307,California
42662787,Alabama
42640407,Texas
42586808,Texas
42572034,South Carolina
42486963,Mississippi
42308856,Egypt
42216312,Illinois
42213251,Texas
42156781,Massachusetts
42081161,Kentucky
42065333,Texas
42011359,Texas
42011360,Texas
42007097,Texas
41978175,Texas
41876293,Texas
41765814,Bahamas
41543587,Georgia
41445517,South Carolina
41433972,Tennessee
41359772,New York
41357686,Bahamas
41357644,Egypt
41307913,Alabama
41144154,South Carolina
41082837,North Carolina
41050584,New Hampshire
41035959,Florida
40941706,Texas
40610971,New York
40561240,Texas
40180371,South Carolina
39955249,Texas
39777150,Alabama
39500870,Georgia
39372670,Texas
39352398,North Carolina
39317818,Texas
39251460,Texas
39223927,Alabama
38588775,Georgia
38347419,New York
38160715,Florida
37848260,Maine
37253070,Maine
36408656,Thailand
36310469,Egypt
35587001,Texas
35557303,China
35011554,Egypt
34677001,New Jersey
33675085,Alabama
33674995,North Carolina
32753766,North Carolina
30473326,North Carolina
45107287,Oklahoma
45107148,Oklahoma
45105999,West Virginia
45105871,North Carolina
45105674,North Carolina
45103285,Texas
45103286,Texas
45103288,Texas
45103287,Texas
45103289,Texas
45097414,Alabama
45096829,Maryland
45096805,Maryland
45096659,Alabama
45096620,Alabama
45096599,Alabama
45096563,Alabama
45095964,North Carolina
45095955,North Carolina
45095949,North Carolina
45095942,North Carolina
45095939,North Carolina
45095927,North Carolina
45095915,North Carolina
45095909,North Carolina
45095891,North Carolina
45095875,North Carolina
45095299,Florida
45095133,South Carolina
45092428,North Carolina
45091359,Alabama
45090785,Alabama
45090373,Alabama
45089969,Alabama
45090100,Louisiana
45089455,Alabama
45086946,Alabama
45086908,Alabama
45086869,Alabama
45086815,Alabama
45086757,Alabama
45086638,Alabama
45086603,Alabama
45086589,Alabama
45086566,Alabama
45086100,Alabama
45086078,Alabama
45086062,Alabama
45086030,Alabama
45085000,Virginia
45083248,North Carolina
45083251,North Carolina
45083252,North Carolina
45083254,North Carolina
45083249,North Carolina
45083253,North Carolina
45083250,North Carolina
45081992,Pennsylvania
45077963,New Jersey
45075253,St. Maarten
45075255,St. Maarten
45073761,New Jersey
45073072,Alabama
45072754,North Carolina
45072247,West Virginia
45059503,Kentucky
45070606,Ohio
45066581,Alabama
45066582,Alabama
45066583,Alabama
45066584,Alabama
45066585,Alabama
45066588,Alabama
45066591,Alabama
45065817,Mississippi
45065644,Florida
45060093,Texas
45060098,Texas
45060095,Texas
45060096,Texas
45060094,Texas
45060092,Texas
45059698,Alabama
45059699,Alabama
45059703,Alabama
45059704,Alabama
45059706,Alabama
45059709,Alabama
45059713,Alabama
45059720,Alabama
45059640,Tennessee
45059300,North Carolina
45059299,North Carolina
45059297,North Carolina
45056378,New Jersey
45050695,Florida
45042985,Alabama
45037509,South Korea
45037140,South Korea
45035809,South Korea
45029812,Puerto Rico
45029477,Virginia
45027915,Texas
45023808,Florida
45021331,Alabama
45019853,Texas
45019850,Texas
45019858,Texas
45019851,Texas
45019866,Texas
45019860,Texas
45019861,Texas
45019862,Texas
45019854,Texas
45019859,Texas
45019864,Texas
45016493,Mississippi
45016486,North Carolina
45015719,Mississippi
45013466,Texas
45013467,Texas
45013468,Texas
45008579,Alabama
45007299,Texas
45007302,Texas
45007300,Texas
45007301,Texas
45007298,Texas
45007294,Texas
45007295,Texas
45007297,Texas
45007293,Texas
45006692,North Carolina
45005097,Alabama
45004846,Alabama
45004309,Alabama
45004152,Alabama
45004095,Alabama
45004117,Virginia
45003997,Virginia
45003986,Virginia
45003921,Alabama
45003891,Alabama
45003822,Alabama
45003137,Texas
45002895,Alabama
45002870,Alabama
45002849,Alabama
45002807,Alabama
45002783,Alabama
45002753,Alabama
45001347,Texas
45001345,Texas
45001349,Texas
45001351,Texas
45001350,Texas
45001353,Texas
45001352,Texas
45000484,North Carolina
45000102,North Carolina
44999923,North Carolina
44998707,Florida
44997762,North Carolina
44997637,Virginia
44995262,Texas
44995261,Texas
44995248,Texas
44995253,Texas
44995265,Texas
44995260,Texas
44995255,Texas
44995254,Texas
44995247,Texas
44995256,Texas
44995258,Texas
44995257,Texas
44995246,Texas
44995259,Texas
44995244,Texas
44995251,Texas
44995249,Texas
44995245,Texas
44995263,Texas
44995264,Texas
44995252,Texas
44995250,Texas
44990564,Alabama
44984440,Georgia
44982036,West Virginia
44978081,North Carolina
44975785,North Carolina
44975660,North Carolina
44974935,Alabama
44972778,West Virginia
44972766,West Virginia
44972465,Alabama
44972455,Alabama
44972435,Alabama
44972430,Alabama
44971190,North Carolina
44971170,North Carolina
44971162,North Carolina
44966422,Mississippi
44953305,Alabama
44953304,Alabama
44952976,West Virginia
44952901,West Virginia
44952831,West Virginia
44949670,New Jersey
44945081,Pennsylvania
44931805,Alabama
44928161,Louisiana
44927364,Alabama
44927286,Alabama
44925221,New Jersey
44923011,Illinois
44916818,Missouri
44915162,Ohio
44908355,Tunisia
44903613,New Jersey
44897889,North Carolina
44897053,South Carolina
44896164,Arkansas
44876344,Louisiana
44876149,Virginia
44873799,Delaware
44858308,Virginia
44853400,North Carolina
44852746,New Jersey
44846634,Alabama
44844263,Alabama
44828702,Alabama
44827717,Virginia
44825793,Turkey
44817117,Puerto Rico
44813356,South Carolina
44812218,Alabama
44809439,Alabama
44809257,Alabama
44797800,Alabama
44797772,Alabama
44790751,Florida
44789722,Alabama
44787160,North Carolina
44780739,Alabama
44780717,Alabama
44780580,Alabama
44779769,Alabama
44770359,North Carolina
44769704,Kentucky
44769706,Kentucky
44763704,Georgia
44762865,South Carolina
44754430,Georgia
44754411,Georgia
44739177,Alabama
44734282,China
44712271,Alabama
44712221,Alabama
44701218,Alabama
44700450,North Carolina
44685321,Qatar
44685291,Qatar
44678868,Virginia
44678836,Virginia
44678654,Alabama
44672472,Virginia
44672390,Alabama
44667045,North Carolina
44665812,West Virginia
44665810,West Virginia
44665811,West Virginia
44665807,West Virginia
44663417,Alabama
44663368,Alabama
44652126,Mississippi
44652121,Mississippi
44652115,Mississippi
44648696,Georgia
44642435,China
44636656,Alabama
44636527,Alabama
44631839,North Carolina
44627959,Kosovo
44623491,Alabama
44617911,Taiwan
44600711,Oregon
44580151,Russia
44580152,Russia
44567530,Taiwan
44539415,Virginia
44529510,Virginia
44516167,Alabama
44515389,North Carolina
44514710,Georgia
44514663,Georgia
44510615,Bahrain
44504799,Alabama
44494165,Alabama
44492774,Kentucky
44488559,Virginia
44483524,Alabama
44483525,Alabama
44479363,North Carolina
44464309,Georgia
44460038,North Carolina
44457863,Spain
44441962,Alabama
44425818,Alabama
44421642,Virginia
44407495,North Carolina
44378528,Maryland
44375488,Virginia
44354740,Georgia
44343993,Georgia
44339851,Georgia
44338676,South Korea
44334655,Kentucky
44333546,China
44330548,Virginia
44322810,South Korea
44322605,South Korea
44320877,North Carolina
44313407,South Korea
44312766,South Korea
44303247,South Korea
44301516,South Korea
44301107,South Korea
44301066,South Korea
44301054,South Korea
44300962,South Korea
44300895,South Korea
44300831,South Korea
44300794,South Korea
44299146,Alabama
44290029,North Carolina
44276909,Taiwan
44274401,Oman
44270247,Alabama
44264892,Alabama
44264838,Alabama
44231660,Oman
44224845,Tennessee
44204202,Alabama
44186073,North Carolina
44185098,West Virginia
44183588,Texas
44176504,Alabama
44146818,Iran
44141684,Virginia
44128547,Tennessee
44111744,Georgia
44088124,Alabama
44087454,Arkansas
44077809,North Carolina
44077727,South Carolina
44065155,Pennsylvania
44060408,Alabama
44046739,Alabama
44039289,Virginia
44011395,North Carolina
44008861,Virginia
43968981,Pennsylvania
43957454,Kentucky
43952953,Thailand
43929954,Virginia
43929975,China
43880580,Alabama
43878413,North Carolina
43852722,Virginia
43842728,New Jersey
43826839,North Carolina
43810493,Virginia
43810274,West Virginia
43788363,Alabama
43752911,Virginia
43746036,Tennessee
43720768,West Virginia
43703459,Mississippi
43657467,Tennessee
43642134,New Jersey
43642103,North Carolina
43626571,North Carolina
43621092,Tennessee
43544684,Mississippi
43541222,Mississippi
43458250,Alabama
43420629,Texas
43412619,North Carolina
43340077,Kentucky
43309849,North Carolina
43271913,North Carolina
43203485,Virginia
43203476,Virginia
43143189,Alabama
43097925,West Virginia
43065533,Pennsylvania
43038228,Maryland
43006779,Virginia
42957780,Virginia
42940622,North Carolina
42909368,Georgia
42891171,North Carolina
42866601,Kuwait
42854540,Virginia
42769883,Alabama
42707376,Alabama
42640513,Tennessee
42549629,Alabama
42396571,North Carolina
42390162,North Carolina
42340392,North Carolina
42290062,Mississippi
42285393,Pennsylvania
42125757,North Carolina
42003359,Virginia
41994516,Kentucky
41898041,Kuwait
41730097,South Korea
41563369,Louisiana
41563336,Louisiana
41545156,Virginia
41468901,Thailand
41365234,South Carolina
41309915,Louisiana
41305705,North Carolina
41254527,Alabama
41128596,West Virginia
41102882,Texas
40994001,North Carolina
40956726,South Carolina
40617552,Virginia
40276861,West Virginia
40055604,Texas
39837475,North Carolina
39786613,British Virgin Islands
39583427,Texas
39582698,West Virginia
39540431,Texas
39340647,New Jersey
39240377,Kuwait
38655827,North Carolina
38419337,Maryland
38004472,New Jersey
37684780,Pennsylvania
37485980,North Carolina
37355290,South Carolina
37086539,North Carolina
37048596,Texas
37021713,West Virginia
36597399,New Jersey
35102211,North Carolina
35092792,South Carolina
34689084,Virginia
when actually I'm only 3yrs old. When I first met my foster mom,Pennsylvania
32168768,Spain
31436806,Kentucky
29514377,Louisiana
25983705,Maryland
45106560,Florida
45106047,Bahamas
45102025,Georgia
45095860,Florida
45073117,Florida
45073106,Florida
45070599,Alabama
45063480,Florida
45049787,Florida
45033617,Florida
45025738,Alabama
45023940,Florida
45021944,Florida
45016337,Florida
45010644,Florida
45001016,Louisiana
44990752,Florida
44971558,Florida
44971538,Florida
44942630,Louisiana
44942632,Louisiana
44942633,Louisiana
44942634,Louisiana
44942635,Louisiana
44837945,Florida
44837398,Florida
44813799,Georgia
44812859,Florida
44812806,Florida
44798585,Florida
44798572,Florida
44790476,Florida
44755000,Florida
44751047,Florida
44743788,Florida
44661586,Florida
44661404,Florida
44650685,Louisiana
44605872,Florida
44582985,Florida
44562431,Florida
44491750,Alabama
44261569,Florida
44245660,Florida
44108914,Florida
44035805,Florida
44025847,Florida
43848487,Florida
43564735,Florida
43544975,Florida
43123849,Florida
43123454,Florida
42941160,Florida
42583211,Louisiana
42004214,Florida
41345597,Florida
39608594,Florida
39079791,Florida
38407621,Florida
36682399,Florida
33008465,Florida
32012617,Florida
28110749,Florida
27934286,Texas
45088345,Georgia
45019521,Georgia
45019522,Georgia
44943951,Mississippi
44943780,Mississippi
44943751,Mississippi
44684238,Georgia
44531293,North Carolina
44520274,Georgia
44340863,Georgia
44293601,West Virginia
44013287,Georgia
44013163,Georgia
44013143,Georgia
43951539,Bosnia
43937163,Louisiana
43929882,North Carolina
43895537,Georgia
43894734,Georgia
43669086,Georgia
43568512,Georgia
43084058,Egypt
42829233,Georgia
41405485,Georgia
41401473,Georgia
40869165,Egypt
39793023,North Carolina
38938165,Egypt
38444590,Georgia
37550789,Georgia
37550738,Georgia
32130377,Egypt
30186097,Illinois
20080044,Florida
45097270,Illinois
45095880,Illinois
"\\Wait\\""
""text1",Kentucky
45051227,Illinois
45036868,Missouri
45036873,Missouri
45021949,Illinois
44987654,Kentucky
44888604,Illinois
44827479,Illinois
44629862,Illinois
44629711,Illinois
44593808,Illinois
44563722,Louisiana
44531594,Illinois
44521092,Tennessee
44461154,Illinois
44444944,Kentucky
44373214,Illinois
44373158,Illinois
44322027,Kentucky
44303667,Illinois
44253077,Illinois
44253057,Illinois
44056305,Kentucky
43857542,Illinois
43852788,Illinois
43348793,Illinois
43161793,Illinois
42511753,Illinois
41804550,Illinois
41125547,Illinois
38370843,Indiana
38370844,Indiana
36807330,Illinois
45079059,Wisconsin
45053755,China
44927691,Spain
44887071,Indiana
44803153,Indiana
44780887,Louisiana
44780778,Louisiana
44779692,Louisiana
44713933,Louisiana
44629476,Indiana
44534595,Texas
44452343,Louisiana
44450577,Kentucky
44316740,China
44273245,Illinois
44258513,China
44258509,China
44148011,Spain
44147909,Spain
43226111,Indiana
42902807,Kentucky
39626563,Texas
38730815,Jamaica
44949453,Arkansas
44886164,Texas
44817656,Kansas
44684822,Texas
43008162,Illinois
42516783,Missouri
41954274,California
39823687,Egypt
41549100,Nevis
45086407,Kentucky
45071445,West Virginia
45071432,West Virginia
45071284,West Virginia
45066050,Texas
45066034,Texas
45065917,Texas
45064295,Ohio
45059066,Kentucky
45059039,Kentucky
45039841,Ohio
45039842,Ohio
45005551,West Virginia
44960882,Ohio
44951503,Texas
44932010,Kentucky
44907872,Kentucky
44868434,West Virginia
44868408,Kentucky
44868267,Kentucky
44788998,Ohio
44715578,Florida
44621827,Kentucky
44545967,Colorado
44510243,Ohio
44508641,Washington
44508638,Washington
44508640,Washington
44467380,Kentucky
44398764,Tennessee
44358331,Kentucky
44358060,Ohio
44311362,Kentucky
44281452,Kentucky
44128678,Ohio
44128676,Ohio
43736394,Ohio
43729706,Ohio
43372545,Ohio
42979461,Kentucky
42972983,Ohio
42905166,Kentucky
42260454,Georgia
41980155,Tennessee
41706705,Ohio
38936831,Ohio
38345247,Kentucky
38343723,Ohio
38343725,Ohio
37150897,North Carolina
35102830,Kentucky
22684671,Kentucky
45062292,Texas
45062293,Texas
45062294,Texas
45062295,Texas
45062299,Texas
45062300,Texas
45062305,Texas
45062306,Texas
45062307,Texas
45062309,Texas
45062310,Texas
45062311,Texas
45062313,Texas
45062314,Texas
45062316,Texas
45062318,Texas
45062319,Texas
45062321,Texas
45062322,Texas
45062326,Texas
45062327,Texas
45062328,Texas
45062308,Texas
45062312,Texas
45062323,Texas
45062284,Texas
45062288,Texas
45062298,Texas
45062296,Texas
45062304,Texas
45062286,Texas
45062317,Texas
45062285,Texas
45062303,Texas
45062320,Texas
45062291,Texas
45062315,Texas
45062287,Texas
45062325,Texas
45062324,Texas
45062301,Texas
45062297,Texas
44804275,Florida
44804141,Kansas
44804137,Kansas
44804132,Kansas
44759411,China
she looks up at me waiting for her commands and will lick me with such purpose,Texas
44759419,Texas
44759428,Texas
44671619,California
44669651,California
44669465,North Carolina
44669342,North Carolina
44669213,North Carolina
44344915,Florida
44052706,South Carolina
43602025,Kansas
45105736,Virginia
45105053,Alabama
45105052,Alabama
45096709,Virginia
45096707,Virginia
45096674,Alabama
45096661,Virginia
45096632,Virginia
45096631,Virginia
45096627,Virginia
45096578,Alabama
45096498,Virginia
45096462,Virginia
45096452,Virginia
45096445,Virginia
45096437,Virginia
45095145,Virginia
45091510,Alabama
45091086,Alabama
45090568,Alabama
45090105,Alabama
45089745,Alabama
45086978,Alabama
45086929,Alabama
45086892,Alabama
45086844,Alabama
45086784,Alabama
45086659,Alabama
45086629,Alabama
45086595,Alabama
45086576,Alabama
45086116,Alabama
45086088,Alabama
45086074,Alabama
45086052,Alabama
45079809,Virginia
45078979,Virginia
45077792,Mississippi
45077787,Mississippi
45073275,West Virginia
45073080,Alabama
45072622,Virginia
45072605,Virginia
45072599,Virginia
45072588,Virginia
45072584,Virginia
45072579,Virginia
45072576,Virginia
45071281,Virginia
45070252,Virginia
45070244,Virginia
45070236,Virginia
45070222,Virginia
45069923,Virginia
45069894,Virginia
45069860,Virginia
45069820,Virginia
45069641,Virginia
45065309,Virginia
45059003,Virginia
45058997,Virginia
45058530,Virginia
45054269,Texas
45044185,North Carolina
45031828,Virginia
45026388,Texas
45026390,Texas
45026391,Texas
45026392,Texas
45016147,Alabama
45012100,Texas
45008028,Alabama
45005289,Alabama
45005005,Alabama
45004218,Alabama
45004143,Alabama
45003858,Alabama
45002899,Alabama
45002889,Alabama
45002853,Alabama
45002824,Alabama
45002799,Alabama
45002776,Alabama
44996352,Alabama
44989957,Virginia
44989950,Virginia
44989943,Virginia
44989936,Virginia
44989933,Virginia
44985574,Texas
44985576,Texas
44979864,Alabama
44979865,Alabama
44979867,Alabama
44979868,Alabama
44971571,Virginia
44941052,Texas
44938657,Virginia
44938629,Virginia
44932138,Alabama
44931038,Alabama
44927379,Alabama
44927298,Alabama
44907560,Virginia
44907503,Virginia
44907488,Virginia
44907486,Virginia
44907479,Virginia
44907476,Virginia
44907469,Virginia
44881822,Virginia
44881274,Alabama
44881269,Alabama
44881267,Alabama
44881259,Alabama
44881252,Alabama
44846646,Alabama
44844312,Alabama
44831758,Texas
44831759,Texas
44831760,Texas
44831761,Texas
44828728,Alabama
44815954,Alabama
44809477,Alabama
44809258,Alabama
44809229,Alabama
44797821,Alabama
44797789,Alabama
44785988,Texas
44780780,Alabama
44780733,Alabama
44780581,Alabama
44780596,Alabama
44779778,Alabama
44741504,West Virginia
44739184,Alabama
44721592,Texas
44715789,Texas
44715790,Texas
44706280,New York
44687704,West Virginia
44678857,Virginia
44678662,Alabama
44672402,Alabama
44663496,Alabama
44663393,Alabama
44651237,Mississippi
44640750,Alabama
44630677,North Carolina
44629115,Virginia
44588307,Virginia
44588302,Virginia
44588300,Virginia
44587683,Virginia
44587680,Virginia
44587677,Virginia
44587675,Virginia
44587673,Virginia
44587409,Virginia
44587407,Virginia
44587401,Virginia
44587397,Virginia
44587383,Virginia
44575864,Texas
44538097,Virginia
44537966,Virginia
44537939,Virginia
44516173,Alabama
44504806,Alabama
44468012,West Virginia
44466963,Tunisia
44449623,Texas
44449624,Texas
44441976,Alabama
44425828,Alabama
44398249,Virginia
44309051,Texas
44293538,Virginia
44264904,Alabama
44264847,Alabama
44204368,Alabama
44099155,West Virginia
44060516,Alabama
44032552,Virginia
43931740,New York
43889811,North Carolina
43860293,Texas
43853478,Virginia
43632789,Alabama
43578104,Virginia
43217317,New York
43143426,Alabama
43072023,Virginia
42885860,Georgia
42854548,North Carolina
42854543,North Carolina
42790352,Georgia
42790293,Ohio
42746522,Georgia
42612670,Virginia
42564378,Alabama
42534343,Virginia
42156787,Georgia
42087443,Ohio
40956703,South Carolina
39378702,Texas
39169741,Tennessee
39070356,Florida
37374359,North Carolina
34374509,Oklahoma
24997108,Virginia
45097953,North Carolina
45097956,North Carolina
45097957,North Carolina
45097958,North Carolina
45096548,Mississippi
45096542,Mississippi
45096534,Mississippi
45096506,Mississippi
45095214,Mississippi
45087486,Texas
45084307,Tennessee
45080199,New Jersey
45078481,Alabama
45078235,Alabama
45050143,Texas
45044827,New Jersey
they are still available. We update Petfinder daily.***Adoption Fee $350. As a legal MA rescue all of our dogs have been through the states mandated 48hr Isolation at an approved isolation facility and had a clean health exam by a MA vet. We then place our dogs in one of our many wonderful foster homes. Please be sure to read all the info below. We look for families who have the time and commitment to raise a puppy to be a great dog. All dogs adopted from One Tail at a Time Rescue are here in New England at foster homes,Arkansas
45029736,Mississippi
45029469,Virginia
45022372,Virginia
45002993,Alabama
44998176,Alabama
44998162,Alabama
44998152,Alabama
44998126,Alabama
44981099,Texas
44981094,Texas
44981077,Texas
44981018,Texas
44980983,Texas
44978073,Florida
44952647,New Hampshire
44951899,Alabama
44943802,Tennessee
44915032,Louisiana
44913392,South Carolina
44861253,Alabama
44852564,Texas
44845382,Louisiana
44840845,Mississippi
44764948,Louisiana
44648581,South Carolina
44628949,North Carolina
44576452,Maine
44518074,New York
44510314,Alabama
44510299,Alabama
44426427,Alabama
44447282,Virginia
44397971,Texas
44397859,Texas
44358734,Texas
44272935,Tennessee
44272934,Tennessee
44265484,Texas
44220425,New Hampshire
44204301,Florida
44175129,New Hampshire
44154161,Texas
44153324,Texas
43544678,North Carolina
43401909,Texas
42372325,New Hampshire
45095245,Texas
45088580,Louisiana
44932467,Louisiana
44897551,Alabama
44872732,Alabama
44815576,Kentucky
44812508,Texas
44780143,Alabama
44581452,Michigan
44518329,Ohio
44410375,Michigan
43789221,Michigan
42225879,Mexico
45103247,Texas
45101607,Wisconsin
45098269,Kentucky
45098268,Kentucky
45087851,Arkansas
45087817,Arkansas
45075336,Tennessee
45031639,Mexico
45031564,Mexico
45027722,Texas
45027746,Texas
45017017,Kentucky
45017018,Kentucky
45017019,Kentucky
45017021,Kentucky
45017022,Kentucky
45017023,Kentucky
45017024,Kentucky
44981611,Arkansas
44917080,Kentucky
44885632,Texas
44885403,Kentucky
44833680,Belize
44632149,Texas
44585823,Minnesota
44519502,Texas
44485498,China
44228645,Missouri
44077022,Kentucky
44076961,Kentucky
43511476,Arkansas
43282358,Minnesota
43190836,Texas
42564591,South Dakota
41674455,Minnesota
41408240,Minnesota
39562457,Kentucky
44447502,Mississippi
41189387,Mississippi
31826495,Mississippi
31542985,Mississippi
45035009,Quebec
44910967,Missouri
43472056,Kansas
38414755,Missouri
32529191,Missouri
45105992,Texas
45051149,Florida
45031186,New Jersey
is great with treat training (food motivated),North Carolina
44939758,Texas
44939581,Texas
44919774,Georgia
44820566,Georgia
44763885,Georgia
44740392,Georgia
44738487,Ohio
44682273,Louisiana
44657609,South Carolina
44644918,Louisiana
44629053,Georgia
44544416,South Carolina
44526495,Texas
44510707,South Carolina
44509858,Louisiana
44416362,Louisiana
44413376,New York
44392814,South Carolina
44353029,South Carolina
44353031,South Carolina
44184912,Alabama
44129169,Louisiana
43713569,Mississippi
43627834,Georgia
43273717,South Carolina
43103051,Massachusetts
43041969,Massachusetts
41329485,Louisiana
45104695,New Jersey
45104697,New Jersey
45104696,New Jersey
45103728,Texas
45096067,South Carolina
45096065,South Carolina
45096064,South Carolina
45096063,South Carolina
45096058,South Carolina
45095692,Pennsylvania
45094383,Louisiana
45086532,North Carolina
45078034,North Carolina
45077820,North Carolina
45077798,Mississippi
45075099,Kentucky
45071050,North Carolina
45069403,Texas
45058970,India
45058961,India
45051640,North Carolina
45050068,Pennsylvania
45050038,Pennsylvania
45050035,Pennsylvania
45048262,South Carolina
45045116,Texas
45016603,New York
45013652,Texas
45013645,Texas
45013646,Texas
45013647,Texas
45013648,Texas
45013650,Texas
45013653,Texas
45013642,Texas
45013643,Texas
45013641,Texas
45013222,Alabama
45003903,Texas
45001610,Texas
44996810,Kentucky
44969156,Texas
44963735,New Jersey
44963736,New Jersey
44953132,Louisiana
44930645,Texas
44930647,Texas
44930652,Texas
44930650,Texas
44930646,Texas
44930648,Texas
44915789,Mississippi
44901208,Georgia
44896697,Pennsylvania
44896683,Pennsylvania
44896670,Pennsylvania
44896656,Pennsylvania
44896629,Pennsylvania
44896600,Pennsylvania
44896590,Pennsylvania
44894195,Texas
44894196,Texas
44894197,Texas
44889360,New Jersey
44886112,Texas
44880064,Texas
44866306,South Carolina
44852856,North Carolina
44836752,Texas
44827500,New Jersey
44815307,North Carolina
44806926,Pennsylvania
44788152,Texas
44760848,Texas
44753922,Louisiana
44713747,Pennsylvania
44699120,Texas
44694551,India
44667925,Mississippi
44633549,New York
44598564,South Carolina
44572649,Texas
44550018,Texas
44550019,Texas
44541570,Pennsylvania
44519431,South Korea
44501179,New York
44410997,Pennsylvania
44377843,India
44371470,Texas
44368476,Texas
44252290,New Jersey
44228144,New York
44158161,Kosovo
43956000,Pennsylvania
43801058,Pennsylvania
43798054,New Jersey
43794187,South Carolina
43776663,Georgia
43710007,Pennsylvania
43683784,New Jersey
43675485,North Carolina
43656969,Texas
43627127,India
43617214,North Carolina
43601110,Wisconsin
43237397,Arkansas
43146252,Georgia
43117047,New Jersey
43022167,Virginia
42938736,South Carolina
42832486,North Carolina
42744147,North Carolina
42582836,Texas
41462314,New York
40896784,New Jersey
40867368,Pennsylvania
40534338,New Jersey
40526552,Kentucky
39958493,New Jersey
39423619,South Carolina
38062687,Georgia
38062642,Georgia
38062273,Georgia
32956679,New York
28258191,New York
26688248,New Jersey
24894894,India
24894870,India
45013465,New Mexico
44948859,New Mexico
44827629,New Mexico
44388002,New Mexico
42927002,New Mexico
39729465,New Mexico
37772803,New Mexico
45087102,Georgia
45086624,Alabama
45086616,Alabama
45023992,New York
44963610,Arkansas
44962220,New York
44944171,Tennessee
44961334,Mississippi
44931614,New York
44613184,Ohio
44425678,Aruba
44221358,Georgia
43892543,Georgia
43892507,Georgia
43500076,Georgia
43459497,New York
43384864,Arkansas
43283987,Florida
42267490,Thailand
45105143,North Carolina
45103131,North Carolina
45093045,North Carolina
45093043,North Carolina
45093044,North Carolina
45078007,South Carolina
45076204,North Carolina
45063336,North Carolina
45056180,North Carolina
45056181,North Carolina
45027845,North Carolina
45027846,North Carolina
45018058,North Carolina
45016083,North Carolina
45001254,New Jersey
45001285,North Carolina
44987417,North Carolina
44987418,North Carolina
44925148,North Carolina
44908605,North Carolina
44878355,North Carolina
44876640,North Carolina
44856001,North Carolina
44842171,North Carolina
44835513,North Carolina
44835514,North Carolina
44828298,North Carolina
44814588,North Carolina
44795838,North Carolina
44743416,North Carolina
44738107,North Carolina
44722870,North Carolina
44705799,Texas
44686455,North Carolina
44682125,South Carolina
44681660,North Carolina
44674979,North Carolina
44605258,North Carolina
44604563,North Carolina
44545840,Texas
44482284,North Carolina
44427596,North Carolina
44409189,North Carolina
44401487,North Carolina
44363909,North Carolina
44359537,North Carolina
44309586,North Carolina
44213333,North Carolina
44208421,North Carolina
44202961,North Carolina
44174695,North Carolina
44053553,Virginia
43950008,North Carolina
43879553,North Carolina
43767913,North Carolina
43741703,Florida
43665300,North Carolina
43567689,South Carolina
43371653,North Carolina
43207464,North Carolina
43119045,North Carolina
42878235,North Carolina
42693570,Louisiana
42565491,North Carolina
42565493,North Carolina
42565494,North Carolina
41650385,North Carolina
41484330,North Carolina
40010136,Alabama
39449064,Virginia
37675185,North Carolina
37672883,New York
36202201,North Carolina
44723878,North Dakota
44230403,North Dakota
44051846,Texas
45102419,West Virginia
45096517,Ohio
45083275,Ohio
45078918,Ohio
45077068,Kentucky
45075795,Ohio
45059399,Ohio
45049851,Georgia
45042458,Ohio
45041793,Illinois
45041357,Ohio
45031030,Ohio
45030644,Tennessee
45020811,Kentucky
44990896,Ohio
44989227,Kentucky
44971817,Louisiana
44957256,Ohio
44952118,Kentucky
44952117,Kentucky
44951662,Ohio
44932526,Indiana
44931489,Ohio
44931352,Ohio
44931317,Ohio
44867419,Ohio
44822756,Ohio
44814273,Ohio
44756329,Kentucky
44662491,Ohio
44666353,Ohio
44663272,Ohio
44662389,Tennessee
44531595,Ohio
44531279,Ohio
44521507,Ohio
44519341,Ohio
44370885,Ohio
44347783,West Virginia
44322819,Ohio
44274432,Ohio
44185931,Kentucky
44185505,Ohio
44178843,Ohio
44025534,Ohio
43675757,Ohio
43675103,Ohio
43674743,Ohio
43669601,Ohio
43638789,Ohio
43443803,Ohio
43370860,Ohio
42679887,Ohio
42533127,Kentucky
42157115,Ohio
42091376,North Carolina
41780983,Ohio
38528319,Delaware
44986591,Oklahoma
44853621,Arkansas
44678895,Oklahoma
44629872,Oklahoma
44629852,Oklahoma
44591131,Oklahoma
44430611,Oklahoma
44008757,Oklahoma
43018759,Oklahoma
42705105,Arkansas
42681771,Oklahoma
and appropriately plays with and destroys stuffed animals. She has proven to be dog-aggressive,Arkansas
41515273,Arkansas
39873359,Oklahoma
39636408,Illinois
37108842,Oklahoma
45106280,Washington DC
45106254,Washington DC
44897932,Idaho
44387781,California
44372675,California
44372657,California
44129727,Texas
43946490,Texas
43790592,Texas
44561525,North Carolina
43892576,Georgia
43892572,Pennsylvania
37530672,West Virginia
37521566,Texas
35102207,North Carolina
35092810,South Carolina
44520803,Mexico
44515644,Virginia
44515645,Virginia
44394847,South Carolina
44353032,South Carolina
42212385,New York
42212386,New York
39991146,South Carolina
38712233,Virginia
32925002,New York
26080754,North Carolina
45064994,Tennessee
45049869,Maine
45042680,Maine
45042637,Maine
45042627,Maine
45042599,Maine
45008992,Tennessee
44968255,Maine
44968784,Maine
44962215,Maine
44952867,Maine
44962053,Maine
44952790,Maine
44916518,Tennessee
44857262,Maine
44837259,Maine
44837264,Maine
44837268,Maine
44837270,Maine
44790314,Maine
44742449,Maine
44712841,Maine
44671434,Louisiana
44582437,Tennessee
44572694,Tennessee
44557062,Maine
44551242,Tennessee
44546062,Maine
44545983,Maine
44545963,Maine
44414759,Tennessee
44355279,Maine
44239167,Maine
44140127,Tennessee
44106554,Tennessee
44069467,Maine
44052764,Tennessee
43993063,Maine
43937458,Maine
43815280,Maine
43735949,Tennessee
43735554,Tennessee
43599262,Mississippi
43458983,Tennessee
43458796,Maine
43296571,Tennessee
43296367,Tennessee
43296346,Tennessee
43296325,Tennessee
42927772,Mississippi
40715847,Tennessee
40134520,Tennessee
40094387,Tennessee
38318151,Louisiana
35870796,Oregon
32652270,Georgia
27506349,Ohio
24067313,Alabama
24067288,Alabama
44863039,Texas
44671492,Texas
43946721,Texas
41648952,Texas
39264543,Texas
37454315,Texas
45012874,California
44986612,New Mexico
44967671,Mexico
44136892,Mexico
45101215,Virginia
45091277,Oklahoma
45075293,Virginia
45042173,Texas
44925214,Virginia
44804049,Louisiana
44771201,Virginia
44711263,Virginia
44621678,North Carolina
44425285,Georgia
44386817,North Carolina
44336990,North Carolina
44040073,Virginia
43852734,Virginia
43764247,North Carolina
43684514,Virginia
42825396,Virginia
42775714,Virginia
42775631,Virginia
42589141,North Carolina
40853135,North Carolina
38436197,Maryland
27562101,North Carolina
45101858,South Korea
45101857,South Korea
45096022,Texas
45095945,Texas
45087239,Texas
45087220,Texas
45087214,Texas
45087205,Texas
45087201,Texas
45087197,Texas
45087193,Texas
45087160,Texas
45086336,California
45086333,California
45086331,California
45086325,California
45086319,California
45086317,California
45086314,California
45086313,California
45082798,South Korea
45082800,South Korea
45082801,South Korea
45082802,South Korea
45082803,South Korea
45082799,South Korea
45082383,Texas
45080337,Taiwan
45070028,California
45061922,Texas
45061925,Texas
45061921,Texas
45061924,Texas
45058452,Texas
45046032,Hawaii
45046037,Washington DC
45046041,China
45046042,Texas
45046044,Texas
45046045,Texas
45046046,Texas
45046047,Texas
45046043,Texas
45041132,Texas
45041117,Texas
45041101,Texas
45041096,Texas
45041080,Texas
45041054,Texas
45041042,Texas
45037360,Texas
45036458,Texas
45033259,Texas
45033086,Texas
45032753,Texas
45031727,Texas
45031679,Texas
45031549,Texas
45031371,Texas
45030681,Texas
45030632,Texas
45030580,Texas
45030545,Texas
45030498,Texas
45029431,Texas
45029430,Texas
45029424,Texas
45026950,South Korea
45026951,South Korea
45026952,South Korea
45026953,South Korea
45026578,Hawaii
45022914,Texas
45014075,California
45012529,South Korea
45012530,South Korea
45012531,South Korea
45012532,South Korea
45010758,Costa Rica
45009562,Texas
45009557,Texas
45009548,Texas
45009547,Texas
45007928,California
45006277,Texas
44994123,California
44991077,Texas
44986212,South Korea
44983517,Mexico
44981202,California
44976739,California
44976740,South Korea
44976741,South Korea
44976212,California
44976214,California
44976215,California
44976216,California
44976217,California
44976211,California
44976213,California
44967275,California
44966809,Texas
44966810,Texas
44966811,Hawaii
44951994,California
44951851,Texas
44951821,Texas
44951808,Texas
44951804,Texas
44950641,California
44948634,Taiwan
44948629,California
44948630,California
44948631,Taiwan
44948632,Taiwan
44948633,Taiwan
44948197,Texas
44944336,Texas
44929813,Texas
44929816,Texas
44929814,Texas
44905177,Washington DC
44901972,California
44901591,Texas
44901592,Texas
44901593,Texas
44901594,Hawaii
so to speak,Texas
44892732,South Korea
44892734,California
44890240,Taiwan
44889328,Texas
44886679,California
44886680,California
44886681,California
44884539,South Korea
44884542,California
44884543,California
44884544,California
44880960,California
44877514,Louisiana
44877334,Louisiana
44877205,Texas
44871448,California
44871451,California
44871452,California
44862756,China
44859929,California
44859931,California
44855228,California
44855230,California
44853260,California
44853226,California
44827868,Texas
44820396,California
44818647,Texas
44815060,South Korea
44815063,South Korea
44800876,Washington
44800877,Washington
44800878,Washington
44786575,South Korea
44778898,California
44756414,California
44740390,South Korea
44740391,South Korea
44740211,California
44738734,United Arab Emirates
44738708,United Arab Emirates
44707478,California
44698204,South Korea
44688750,California
44669302,Thailand
44669301,Thailand
44660526,California
44660528,California
44660530,California
44649022,California
44632659,California
44629811,Texas
44612365,California
44608767,Thailand
44597426,Washington DC
44597349,Texas
44591663,California
44582779,California
44581327,California
44548885,California
44529587,California
NA,California
44501743,California
44488048,Texas
44488047,Texas
44470900,California
44458440,Texas
44419332,California
44384988,South Korea
44375521,South Korea
44367891,South Korea
44361093,South Korea
44361101,South Korea
44356704,Texas
44317201,California
44317202,California
44309214,South Korea
44307631,Texas
44304482,Texas
44302196,Texas
44282848,South Korea
44280094,California
44280068,South Korea
44264191,South Korea
44264192,South Korea
44249550,Taiwan
44236116,South Korea
44223728,Texas
44213002,California
44189568,Texas
44163359,South Korea
44119212,India
44109282,South Korea
44096191,Texas
44095100,South Korea
44095103,South Korea
44095104,South Korea
44089938,Washington DC
44084844,South Korea
44070261,Texas
43994735,Taiwan
43994738,Taiwan
43994739,Taiwan
43994740,Taiwan
43994741,Taiwan
43989904,Taiwan
43917262,Texas
43874108,Texas
43829075,California
43762334,California
43750374,Taiwan
43679504,California
43651793,Texas
43651747,Texas
43649520,South Korea
43645601,Texas
43618547,South Korea
43606062,California
43600166,California
43600167,California
43600168,California
43469740,Ohio
43447930,South Korea
43414345,South Korea
43304580,Texas
42978336,Texas
42872521,Thailand
42835971,California
42778494,South Korea
42686808,Thailand
42686811,Thailand
42686813,Thailand
42686303,California
42525486,California
42432520,Thailand
42363278,Texas
42172195,South Korea
42110748,Texas
42070399,California
41978171,Texas
41828410,Texas
41729153,Texas
41608083,California
41569722,Thailand
41389129,California
41273959,Texas
41144335,California
40953055,Texas
40950140,California
40883967,California
40518812,California
40103682,California
38664932,California
38495992,California
38390879,California
31945123,California
44895276,West Virginia
44038780,Virginia
43669161,West Virginia
42781553,West Virginia
42625461,West Virginia
33531529,Virginia
45099710,Arkansas
45072446,Texas
45068267,Texas
45068141,Texas
45053531,Texas
45051005,Texas
45050987,Texas
45050959,Texas
45050950,Texas
45050944,Texas
45050939,Texas
45050932,Texas
45040476,Texas
45040469,Texas
45040465,Texas
45040459,Texas
45040445,Texas
45030279,Kentucky
45022549,Texas
45015032,Kentucky
44971205,Texas
44906611,Alabama
44867082,Texas
44853279,Texas
44742665,Texas
44731743,Texas
44626182,Texas
44626157,Georgia
44626150,Georgia
44626120,Georgia
44625954,Texas
44620694,Texas
44442417,Iowa
44334089,Arkansas
44321040,Texas
44291934,Texas
44232520,Iowa
43991064,Georgia
43881331,Texas
43830083,Wisconsin
43713289,Georgia
43703961,Texas
43360945,Mississippi
43269269,Georgia
43205176,Georgia
42207266,Tennessee
42206239,Texas
44713482,Alabama
44537647,Alabama
43089521,Alabama
45089374,Arizona
45077979,Arizona
45015865,Arizona
45011064,Arizona
44486016,Arizona
44999017,Arizona
44964993,Arizona
44954333,Arizona
44883894,Arizona
44819439,Arizona
44770595,New Mexico
44718348,Arizona
44486019,Arizona
44486018,Arizona
44664118,Arizona
44595859,Arizona
44584411,Arizona
44558560,Arizona
44486509,Arizona
44458947,Arizona
44399750,Arizona
43883574,Arizona
43754330,Arizona
43469177,Arizona
43303662,Arizona
42844450,Arizona
41053913,Arizona
39689202,Arizona
38648037,Arizona
38443589,Arizona
38308117,Arizona
37245046,Arizona
44755734,Arkansas
44682355,Arkansas
43477994,Arkansas
34738577,Arkansas
45106518,California
45015864,California
44521882,California
44463086,California
43438032,California
37939664,California
9317153,California
45106891,Connecticut
45105826,Kentucky
45058945,Connecticut
45058978,Connecticut
45072674,New York
45072609,New York
45071933,New York
45059017,Connecticut
45059005,Connecticut
45057627,Connecticut
45042921,New York
45041777,Connecticut
45024956,New York
45024812,New York
45024216,New York
45006447,Connecticut
45003688,New York
45002307,Texas
44998793,New York
44986239,New York
44951718,New York
44951600,New York
44928251,Connecticut
44908317,New York
44906700,Alabama
44906513,Alabama
44906501,Alabama
44906474,Alabama
44906449,Alabama
44906405,Alabama
44906357,Alabama
44906301,Alabama
44906286,Alabama
44906273,Alabama
44906239,Alabama
44906212,Alabama
44896177,Texas
44867474,New York
44857120,Texas
44857049,Texas
44837375,New York
44816388,Louisiana
44809841,New York
44807703,Texas
44806198,New York
44671707,Texas
44671687,Texas
44622762,New York
44589720,Alabama
44582907,Alabama
44579129,New York
44572042,Alabama
44571808,Alabama
44569543,Texas
44569527,Texas
44562421,Texas
44556789,Connecticut
44555133,Alabama
44531481,New York
44421062,North Carolina
44379791,Alabama
44328289,New York
44252401,Florida
44245106,New York
44133682,New Jersey
44102541,New York
43941166,North Carolina
43718902,New York
43419109,New York
43265088,New York
43264991,New York
43242171,New York
43222402,New York
43222347,New York
43222335,New York
43222089,New York
43221791,New York
43175830,Connecticut
43079698,New York
42857230,Alabama
42781212,New York
42613510,Alabama
42591283,New York
42458433,New York
42337640,New York
41712600,Alabama
41708175,Alabama
41469647,Alabama
41469511,Alabama
41469289,Alabama
41468976,Alabama
41467995,Alabama
41378268,Alabama
41378143,Alabama
41377647,Alabama
41194340,Oregon
41117397,New York
40030410,Connecticut
39630592,Kansas
39494655,New York
38643680,Vermont
36508983,Georgia
36508955,Michigan
36206981,New York
45086401,New Jersey
45028362,Maryland
45011582,New Jersey
44858282,New Jersey
44837846,Kentucky
44810058,Maryland
44796458,Maryland
44796459,Maryland
42877860,Pennsylvania
41512259,Virginia
39688178,Virginia
16657005,Maryland
45070905,Florida
45049980,Florida
44847368,Florida
44735671,Florida
44731266,Florida
44708590,Florida
44702768,Florida
44602972,Florida
44602974,Florida
44482640,Florida
44411666,Florida
44392693,Florida
44392681,Florida
42883725,Florida
41790549,Florida
38214697,Florida
27545174,Florida
45023538,Georgia
45023483,Georgia
44962074,Georgia
44962050,Georgia
44940361,Georgia
44940008,Georgia
44939772,Georgia
44743277,Georgia
44743115,Georgia
44742654,Georgia
44742488,Georgia
44581725,Georgia
44581682,Georgia
44581645,Georgia
44580266,Georgia
44537454,Georgia
44165726,Georgia
44165549,Georgia
43938033,Georgia
43937127,Georgia
43930524,Georgia
43759370,Georgia
43759264,Georgia
43759167,Georgia
43347504,Georgia
43147400,Georgia
42693564,Georgia
42136672,Georgia
41067665,Georgia
41067677,Georgia
40615718,Georgia
40504801,Georgia
39736810,Georgia
39533135,Georgia
39263307,Georgia
38466747,Georgia
38466566,Georgia
38465947,Georgia
38465563,Georgia
38465370,Georgia
38458682,Georgia
38453559,Georgia
38451445,Georgia
38451251,Georgia
45048738,Wisconsin
44754764,Illinois
45082461,Ohio
42990072,Indiana
44682390,Kansas
45003139,Kentucky
45014868,Kentucky
45014837,Kentucky
43774832,Maine
44990568,Pennsylvania
44990539,Pennsylvania
44988870,Pennsylvania
44518826,Pennsylvania
44099754,Pennsylvania
43824635,Washington DC
41057870,Virginia
45043486,Michigan
45032668,Michigan
45032669,Michigan
45032670,Michigan
45032671,Michigan
44953782,Michigan
44757389,Michigan
44687425,Michigan
44687426,Michigan
44687428,Michigan
44471634,Michigan
44471635,Michigan
44237592,Michigan
44237593,Michigan
43836556,Michigan
43413361,Michigan
43413360,Michigan
43020720,Michigan
42157910,Ohio
40510404,Michigan
38014654,Michigan
38014655,Michigan
38014657,Michigan
37096581,Michigan
32963759,Michigan
27535798,Michigan
45102467,Minnesota
45102466,Minnesota
45102469,Minnesota
45102470,Minnesota
45102464,Minnesota
45102465,Minnesota
45102468,Minnesota
45102460,Minnesota
45092307,Minnesota
45075810,Minnesota
45075815,Minnesota
45068725,Minnesota
45068726,Minnesota
45068727,Minnesota
45068729,Minnesota
45055498,Minnesota
45055496,Minnesota
45055497,Minnesota
45047034,Minnesota
45047035,Minnesota
45047037,Minnesota
45047038,Minnesota
45047039,Minnesota
45047040,Minnesota
45047044,Minnesota
45047045,Minnesota
45047048,Minnesota
45027326,Minnesota
45019236,Minnesota
45006712,Minnesota
45006714,Minnesota
45000887,Minnesota
44994521,Minnesota
44977372,Minnesota
44977369,Minnesota
44977370,Minnesota
44967845,Minnesota
44967846,Minnesota
44957457,Minnesota
44949053,Minnesota
44902798,Minnesota
44902801,Minnesota
44902803,Minnesota
44902786,Minnesota
44902792,Minnesota
44902795,Minnesota
44902796,Minnesota
44902804,Minnesota
44902774,Minnesota
44893193,Minnesota
44893197,Minnesota
44884867,Minnesota
44884869,Minnesota
44884870,Minnesota
44884871,Minnesota
44884872,Minnesota
44877847,Minnesota
44877850,Minnesota
44877854,Minnesota
44877835,Minnesota
44871732,Minnesota
44871734,Minnesota
44825840,Minnesota
44815289,Minnesota
44815292,Minnesota
44811565,Minnesota
44795051,Minnesota
44710284,Minnesota
44698522,Minnesota
44684114,Minnesota
44681493,Minnesota
44661023,Minnesota
44661022,Minnesota
44648059,Minnesota
44648055,Minnesota
44639763,Minnesota
44631861,Minnesota
44592062,Minnesota
44576433,Minnesota
44564534,Minnesota
44555088,Minnesota
44535356,Minnesota
44524648,Minnesota
44518320,Minnesota
44490685,Minnesota
44474055,Minnesota
44445033,Minnesota
44419508,Minnesota
44419509,Minnesota
44412667,Minnesota
44409024,Minnesota
44409028,Minnesota
44309353,Minnesota
44291924,Minnesota
44213118,Minnesota
43956709,Minnesota
43942564,Minnesota
43842355,Minnesota
43793093,Minnesota
43793089,Minnesota
43771596,Minnesota
43750770,Minnesota
43658875,Minnesota
43658876,Minnesota
43631159,Minnesota
43441508,Minnesota
43300599,Minnesota
43272740,Minnesota
43240546,Minnesota
42771554,Minnesota
42711707,Minnesota
42658094,Minnesota
41231507,Minnesota
39023581,Minnesota
38335707,Minnesota
38281402,Minnesota
45016506,Missouri
44880302,Missouri
43940873,Missouri
43940810,Missouri
43808110,Missouri
42706770,Missouri
42706761,Missouri
35706095,Missouri
35438435,Missouri
44972525,Nebraska
44476023,Maine
44470160,New Hampshire
44119605,New Jersey
43950294,New York
45105571,New Jersey
45093601,New Jersey
45079282,New Jersey
45078145,New Jersey
45071906,New Jersey
45071615,New Jersey
45070505,New Jersey
45070487,New Jersey
45066360,New Jersey
45028279,Tennessee
45023377,New Jersey
45021385,New York
45015077,New Jersey
45014809,New Jersey
45014800,New Jersey
45009167,New York
45003981,New Jersey
45003972,New Jersey
45003941,New Jersey
45003930,New Jersey
45003920,New Jersey
45003870,New Jersey
45003288,New Jersey
44990549,New Jersey
44990541,New Jersey
44990535,New Jersey
44958683,New Jersey
44932630,New York
44931628,New Jersey
44931640,New Jersey
44931653,New Jersey
44886113,New Jersey
44853507,New Jersey
44823266,New Jersey
44806261,New York
44531287,New York
44434701,New Jersey
44434403,New Jersey
44224674,New Jersey
44127795,New Jersey
43756698,New York
43650508,Texas
43273151,New Jersey
43227009,New Jersey
43173934,New Jersey
43099644,New Jersey
43054077,New York
42609409,New Jersey
41828257,New Jersey
41779216,New Jersey
41223913,New Jersey
38779404,West Virginia
38779405,West Virginia
44846598,New York
44486409,New York
39012178,New York
45064945,North Carolina
45064886,North Carolina
45058368,North Carolina
44953267,North Carolina
44928492,North Carolina
44928489,North Carolina
44928486,North Carolina
44928483,North Carolina
44928481,North Carolina
44928431,North Carolina
44678642,North Carolina
44590806,Texas
44590807,Texas
44562404,North Carolina
43762855,Texas
43176221,Ohio
41208323,Ohio
38881076,Ohio
38582731,Ohio
44853356,Texas
44215093,Oklahoma
41897678,Oklahoma
38581917,Oklahoma
38497892,Oklahoma
38497867,Oklahoma
44981588,Oregon
44629981,California
44881297,Georgia
43826192,South Carolina
31916263,South Carolina
44916451,Alabama
44916392,Tennessee
44854205,Tennessee
44738914,Tennessee
44738906,Tennessee
44738882,Tennessee
44675703,Tennessee
44675698,Tennessee
44551097,Florida
44516791,Tennessee
44433604,Tennessee
44432858,Tennessee
44383043,Tennessee
44093053,Tennessee
44093045,Tennessee
42830603,Tennessee
44771822,Texas
44671806,Texas
44561720,Texas
45106935,Virginia
45093248,Virginia
45093250,Virginia
45093247,Virginia
45056360,Virginia
45038035,Virginia
45019923,Virginia
44991348,Virginia
44985941,Virginia
44981635,Virginia
44971754,Virginia
44971695,Virginia
44962377,Virginia
44962297,Virginia
44962191,Virginia
44960471,Virginia
44842329,Virginia
44809872,Virginia
44809732,Virginia
44809672,North Carolina
44752029,Virginia
44663887,Virginia
44551067,Virginia
44544625,Virginia
44544553,Virginia
44544291,Virginia
44499299,Virginia
44474408,New Jersey
44457210,Virginia
44402508,Virginia
44239035,Virginia
44140467,Virginia
44031966,Virginia
43927166,Virginia
43914939,Virginia
43905547,New York
43725150,Virginia
43311905,Virginia
43252799,Virginia
42406521,Virginia
41950084,Virginia
41430878,Virginia
41424568,Virginia
37801932,Virginia
45029883,Texas
45021603,Texas
45001763,Texas
44971745,Texas
44873924,Washington
44873883,Washington
44832947,Texas
44731895,Texas
44718958,Washington
44700440,Texas
44691177,Texas
44679762,Texas
44663825,Texas
44663790,Texas
44442798,Texas
44327373,Texas
44255526,Texas
44255519,Texas
44200013,Texas
43927612,Texas
43927584,Texas
43759521,Texas
45099539,West Virginia
45089709,West Virginia
45089712,West Virginia
45074319,West Virginia
45067375,West Virginia
45044417,West Virginia
45033788,West Virginia
45017651,West Virginia
44890877,West Virginia
44854507,West Virginia
44828741,Virginia
44819604,West Virginia
44814039,West Virginia
44659739,West Virginia
44638681,West Virginia
44367157,West Virginia
44301765,West Virginia
44289536,West Virginia
44003876,West Virginia
42628397,West Virginia
42117845,West Virginia
42001061,Texas
41298157,West Virginia
40492179,West Virginia
38530809,West Virginia
45107377,North Carolina
45107364,North Carolina
45103327,Washington DC
45101384,Texas
45097999,North Carolina
45087087,Georgia
45087034,South Carolina
45072805,South Carolina
45072665,South Carolina
45071942,South Carolina
45071923,South Carolina
45071367,South Carolina
45071342,South Carolina
45071328,South Carolina
45071275,South Carolina
45071259,South Carolina
45071248,South Carolina
45070536,South Carolina
45070515,South Carolina
45069204,South Carolina
45068723,Texas
45068169,South Carolina
45066355,Georgia
45066345,Georgia
45066334,Georgia
45059718,Alabama
45059325,South Carolina
45058962,South Carolina
45055417,Georgia
45054476,California
45046034,California
45017094,Louisiana
45002985,Alabama
44998013,Texas
44991313,North Carolina
44990970,Georgia
44986759,Texas
44978259,West Virginia
44974376,Texas
44972528,Kansas
44967336,Texas
44962064,Texas
44953336,New Mexico
44949056,Texas
44949049,Texas
44944616,South Carolina
44941793,Texas
44941792,Texas
44932123,North Carolina
44931720,Georgia
44931685,Georgia
44931674,Georgia
44931425,Georgia
44931311,Georgia
44912408,Texas
44902780,South Korea
44892286,Missouri
44877201,New Mexico
44868217,South Carolina
44863530,India
44862367,South Carolina
44862348,South Carolina
44856970,South Carolina
44856963,South Carolina
44855229,California
44850267,South Korea
44844285,Texas
44844253,Texas
44833712,China
44833709,China
44833708,China
44823476,North Carolina
44817591,Texas
44814916,California
44782377,North Carolina
44782213,North Carolina
44782175,North Carolina
44782129,North Carolina
44771005,North Carolina
44763653,North Carolina
44759444,Texas
44759443,Texas
44759442,Texas
44759435,Texas
44759434,Texas
44759432,Texas
44759431,Texas
44759430,Texas
44759423,Texas
44759416,Texas
44759412,China
44759410,China
44759409,China
44759406,Texas
44750555,Hawaii
44739363,Kosovo
44738014,Missouri
44681492,Texas
44660594,Florida
44637386,South Carolina
44634847,California
44628609,North Carolina
44607602,Georgia
44607459,Georgia
44592374,China
44534729,California
44524639,Texas
44516901,South Korea
44501736,California
44454763,Bahamas
44430226,India
44409025,Louisiana
44365078,Texas
44352464,California
44306515,Texas
44270081,Texas
44262481,Texas
44246861,Texas
44246659,Texas
44236056,California
44198080,California
44169993,South Carolina
44139974,West Virginia
44134052,Texas
44121120,Hawaii
44067544,California
43935296,Louisiana
43915537,West Virginia
43913339,California
43750090,California
43717329,Texas
43675196,Georgia
43663815,West Virginia
43458978,Tennessee
43458900,Tennessee
43243922,Texas
43082511,Afghanistan
42781510,Texas
42746665,North Carolina
42445043,California
42136515,Oklahoma
42134668,Kentucky
41933242,Texas
41377327,Texas
38050885,Texas
37731620,Indiana
36691289,Florida
25158585,South Carolina
